"","index","year","rank_order","countrycode","country_or_area","city_code","urban_agglomeration","note","population_millions","geometry","lon"
"1",1,1950,6,32,"Argentina",20058,"Buenos Aires",1,5.16614,c(-58.400368, -34.605083)
"2",2,1955,5,32,"Argentina",20058,"Buenos Aires",1,5.910271,c(-58.400368, -34.605083)
"3",3,1960,6,32,"Argentina",20058,"Buenos Aires",1,6.761837,c(-58.400368, -34.605083)
"4",4,1965,5,32,"Argentina",20058,"Buenos Aires",1,7.548511,c(-58.400368, -34.605083)
"5",5,1970,5,32,"Argentina",20058,"Buenos Aires",1,8.41617,c(-58.400368, -34.605083)
"6",6,1975,6,32,"Argentina",20058,"Buenos Aires",1,9.143219,c(-58.400368, -34.605083)
"7",7,1980,6,32,"Argentina",20058,"Buenos Aires",1,9.919781,c(-58.400368, -34.605083)
"8",8,1985,7,32,"Argentina",20058,"Buenos Aires",1,10.523442,c(-58.400368, -34.605083)
"9",9,1990,7,32,"Argentina",20058,"Buenos Aires",1,11.147566,c(-58.400368, -34.605083)
"10",10,1995,10,32,"Argentina",20058,"Buenos Aires",1,11.806407,c(-58.400368, -34.605083)
"11",11,2000,11,32,"Argentina",20058,"Buenos Aires",1,12.503871,c(-58.400368, -34.605083)
"12",12,2005,11,32,"Argentina",20058,"Buenos Aires",1,13.32954,c(-58.400368, -34.605083)
"13",13,2010,12,32,"Argentina",20058,"Buenos Aires",1,14.245871,c(-58.400368, -34.605083)
"14",14,2015,12,32,"Argentina",20058,"Buenos Aires",1,14.705533,c(-58.400368, -34.605083)
"15",15,2020,15,32,"Argentina",20058,"Buenos Aires",1,15.153729,c(-58.400368, -34.605083)
"16",16,2025,18,32,"Argentina",20058,"Buenos Aires",1,15.752275,c(-58.400368, -34.605083)
"17",17,2030,20,32,"Argentina",20058,"Buenos Aires",1,16.456115,c(-58.400368, -34.605083)
"18",18,2035,21,32,"Argentina",20058,"Buenos Aires",1,17.127741,c(-58.400368, -34.605083)
"19",19,1950,27,50,"Bangladesh",20119,"Dhaka",2,0.33576,c(90.40744, 23.7104)
"20",20,1955,28,50,"Bangladesh",20119,"Dhaka",2,0.408866,c(90.40744, 23.7104)
"21",21,1960,28,50,"Bangladesh",20119,"Dhaka",2,0.507921,c(90.40744, 23.7104)
"22",22,1965,28,50,"Bangladesh",20119,"Dhaka",2,0.82074,c(90.40744, 23.7104)
"23",23,1970,28,50,"Bangladesh",20119,"Dhaka",2,1.373718,c(90.40744, 23.7104)
"24",24,1975,25,50,"Bangladesh",20119,"Dhaka",2,2.221055,c(90.40744, 23.7104)
"25",25,1980,23,50,"Bangladesh",20119,"Dhaka",2,3.265663,c(90.40744, 23.7104)
"26",26,1985,21,50,"Bangladesh",20119,"Dhaka",2,4.660384,c(90.40744, 23.7104)
"27",27,1990,20,50,"Bangladesh",20119,"Dhaka",2,6.620697,c(90.40744, 23.7104)
"28",28,1995,19,50,"Bangladesh",20119,"Dhaka",2,8.332474,c(90.40744, 23.7104)
"29",29,2000,15,50,"Bangladesh",20119,"Dhaka",2,10.284947,c(90.40744, 23.7104)
"30",30,2005,13,50,"Bangladesh",20119,"Dhaka",2,12.330879,c(90.40744, 23.7104)
"31",31,2010,11,50,"Bangladesh",20119,"Dhaka",2,14.730537,c(90.40744, 23.7104)
"32",32,2015,11,50,"Bangladesh",20119,"Dhaka",2,17.597177,c(90.40744, 23.7104)
"33",33,2020,6,50,"Bangladesh",20119,"Dhaka",2,21.00586,c(90.40744, 23.7104)
"34",34,2025,4,50,"Bangladesh",20119,"Dhaka",2,24.652864,c(90.40744, 23.7104)
"35",35,2030,4,50,"Bangladesh",20119,"Dhaka",2,28.07566,c(90.40744, 23.7104)
"36",36,2035,4,50,"Bangladesh",20119,"Dhaka",2,31.233651,c(90.40744, 23.7104)
"37",37,1950,12,76,"Brazil",20272,"Rio de Janeiro",NA,3.026195,c(-43.2075, -22.90278)
"38",38,1955,12,76,"Brazil",20272,"Rio de Janeiro",NA,3.687344,c(-43.2075, -22.90278)
"39",39,1960,11,76,"Brazil",20272,"Rio de Janeiro",NA,4.493182,c(-43.2075, -22.90278)
"40",40,1965,11,76,"Brazil",20272,"Rio de Janeiro",NA,5.522674,c(-43.2075, -22.90278)
"41",41,1970,11,76,"Brazil",20272,"Rio de Janeiro",NA,6.790519,c(-43.2075, -22.90278)
"42",42,1975,10,76,"Brazil",20272,"Rio de Janeiro",NA,7.733429,c(-43.2075, -22.90278)
"43",43,1980,10,76,"Brazil",20272,"Rio de Janeiro",NA,8.78387,c(-43.2075, -22.90278)
"44",44,1985,10,76,"Brazil",20272,"Rio de Janeiro",NA,9.241709,c(-43.2075, -22.90278)
"45",45,1990,11,76,"Brazil",20272,"Rio de Janeiro",NA,9.697487,c(-43.2075, -22.90278)
"46",46,1995,13,76,"Brazil",20272,"Rio de Janeiro",NA,10.431518,c(-43.2075, -22.90278)
"47",47,2000,13,76,"Brazil",20272,"Rio de Janeiro",NA,11.306768,c(-43.2075, -22.90278)
"48",48,2005,15,76,"Brazil",20272,"Rio de Janeiro",NA,11.831807,c(-43.2075, -22.90278)
"49",49,2010,16,76,"Brazil",20272,"Rio de Janeiro",NA,12.373884,c(-43.2075, -22.90278)
"50",50,2015,17,76,"Brazil",20272,"Rio de Janeiro",NA,12.940796,c(-43.2075, -22.90278)
"51",51,2020,21,76,"Brazil",20272,"Rio de Janeiro",NA,13.458075,c(-43.2075, -22.90278)
"52",52,2025,24,76,"Brazil",20272,"Rio de Janeiro",NA,13.923245,c(-43.2075, -22.90278)
"53",53,2030,25,76,"Brazil",20272,"Rio de Janeiro",NA,14.408259,c(-43.2075, -22.90278)
"54",54,2035,25,76,"Brazil",20272,"Rio de Janeiro",NA,14.81018,c(-43.2075, -22.90278)
"55",55,1950,15,76,"Brazil",20287,"São Paulo",NA,2.334038,c(-46.63611, -23.5475)
"56",56,1955,13,76,"Brazil",20287,"São Paulo",NA,3.043828,c(-46.63611, -23.5475)
"57",57,1960,13,76,"Brazil",20287,"São Paulo",NA,3.969759,c(-46.63611, -23.5475)
"58",58,1965,12,76,"Brazil",20287,"São Paulo",NA,5.49415,c(-46.63611, -23.5475)
"59",59,1970,8,76,"Brazil",20287,"São Paulo",NA,7.62049,c(-46.63611, -23.5475)
"60",60,1975,5,76,"Brazil",20287,"São Paulo",NA,9.614016,c(-46.63611, -23.5475)
"61",61,1980,5,76,"Brazil",20287,"São Paulo",NA,12.089454,c(-46.63611, -23.5475)
"62",62,1985,5,76,"Brazil",20287,"São Paulo",NA,13.394815,c(-46.63611, -23.5475)
"63",63,1990,5,76,"Brazil",20287,"São Paulo",NA,14.77584,c(-46.63611, -23.5475)
"64",64,1995,5,76,"Brazil",20287,"São Paulo",NA,15.913473,c(-46.63611, -23.5475)
"65",65,2000,5,76,"Brazil",20287,"São Paulo",NA,17.014078,c(-46.63611, -23.5475)
"66",66,2005,5,76,"Brazil",20287,"São Paulo",NA,18.288134,c(-46.63611, -23.5475)
"67",67,2010,5,76,"Brazil",20287,"São Paulo",NA,19.659808,c(-46.63611, -23.5475)
"68",68,2015,5,76,"Brazil",20287,"São Paulo",NA,20.883046,c(-46.63611, -23.5475)
"69",69,2020,4,76,"Brazil",20287,"São Paulo",NA,22.043028,c(-46.63611, -23.5475)
"70",70,2025,6,76,"Brazil",20287,"São Paulo",NA,22.990007,c(-46.63611, -23.5475)
"71",71,2030,9,76,"Brazil",20287,"São Paulo",NA,23.824223,c(-46.63611, -23.5475)
"72",72,2035,10,76,"Brazil",20287,"São Paulo",NA,24.490136,c(-46.63611, -23.5475)
"73",73,1950,16,156,"China",20464,"Beijing",3,1.671365,c(116.39723, 39.9075)
"74",74,1955,16,156,"China",20464,"Beijing",3,2.364625,c(116.39723, 39.9075)
"75",75,1960,14,156,"China",20464,"Beijing",3,3.900441,c(116.39723, 39.9075)
"76",76,1965,15,156,"China",20464,"Beijing",3,4.582017,c(116.39723, 39.9075)
"77",77,1970,15,156,"China",20464,"Beijing",3,4.426045,c(116.39723, 39.9075)
"78",78,1975,16,156,"China",20464,"Beijing",3,4.827973,c(116.39723, 39.9075)
"79",79,1980,18,156,"China",20464,"Beijing",3,5.366372,c(116.39723, 39.9075)
"80",80,1985,19,156,"China",20464,"Beijing",3,6.017488,c(116.39723, 39.9075)
"81",81,1990,19,156,"China",20464,"Beijing",3,6.787737,c(116.39723, 39.9075)
"82",82,1995,18,156,"China",20464,"Beijing",3,8.355148,c(116.39723, 39.9075)
"83",83,2000,14,156,"China",20464,"Beijing",3,10.285091,c(116.39723, 39.9075)
"84",84,2005,12,156,"China",20464,"Beijing",3,12.991292,c(116.39723, 39.9075)
"85",85,2010,10,156,"China",20464,"Beijing",3,16.441252,c(116.39723, 39.9075)
"86",86,2015,10,156,"China",20464,"Beijing",3,18.421198,c(116.39723, 39.9075)
"87",87,2020,8,156,"China",20464,"Beijing",3,20.46261,c(116.39723, 39.9075)
"88",88,2025,8,156,"China",20464,"Beijing",3,22.596455,c(116.39723, 39.9075)
"89",89,2030,7,156,"China",20464,"Beijing",3,24.281913,c(116.39723, 39.9075)
"90",90,2035,9,156,"China",20464,"Beijing",3,25.36592,c(116.39723, 39.9075)
"91",91,1950,17,156,"China",20484,"Chongqing",4,1.566966,c(106.55278, 29.56278)
"92",92,1955,18,156,"China",20484,"Chongqing",4,1.913248,c(106.55278, 29.56278)
"93",93,1960,19,156,"China",20484,"Chongqing",4,2.275158,c(106.55278, 29.56278)
"94",94,1965,21,156,"China",20484,"Chongqing",4,2.188064,c(106.55278, 29.56278)
"95",95,1970,23,156,"China",20484,"Chongqing",4,2.237344,c(106.55278, 29.56278)
"96",96,1975,23,156,"China",20484,"Chongqing",4,2.544566,c(106.55278, 29.56278)
"97",97,1980,24,156,"China",20484,"Chongqing",4,2.9614,c(106.55278, 29.56278)
"98",98,1985,25,156,"China",20484,"Chongqing",4,3.44623,c(106.55278, 29.56278)
"99",99,1990,26,156,"China",20484,"Chongqing",4,4.010602,c(106.55278, 29.56278)
"100",100,1995,24,156,"China",20484,"Chongqing",4,5.615367,c(106.55278, 29.56278)
"101",101,2000,22,156,"China",20484,"Chongqing",4,7.862976,c(106.55278, 29.56278)
"102",102,2005,21,156,"China",20484,"Chongqing",4,9.454076,c(106.55278, 29.56278)
"103",103,2010,20,156,"China",20484,"Chongqing",4,11.243667,c(106.55278, 29.56278)
"104",104,2015,16,156,"China",20484,"Chongqing",4,13.372015,c(106.55278, 29.56278)
"105",105,2020,13,156,"China",20484,"Chongqing",4,15.872179,c(106.55278, 29.56278)
"106",106,2025,12,156,"China",20484,"Chongqing",4,18.171198,c(106.55278, 29.56278)
"107",107,2030,14,156,"China",20484,"Chongqing",4,19.649097,c(106.55278, 29.56278)
"108",108,2035,14,156,"China",20484,"Chongqing",4,20.531266,c(106.55278, 29.56278)
"109",109,1950,22,156,"China",20517,"Guangzhou, Guangdong",5,1.048975,c(113.257374, 23.125457)
"110",110,1955,23,156,"China",20517,"Guangzhou, Guangdong",5,1.155063,c(113.257374, 23.125457)
"111",111,1960,23,156,"China",20517,"Guangzhou, Guangdong",5,1.271914,c(113.257374, 23.125457)
"112",112,1965,25,156,"China",20517,"Guangzhou, Guangdong",5,1.400511,c(113.257374, 23.125457)
"113",113,1970,26,156,"China",20517,"Guangzhou, Guangdong",5,1.542151,c(113.257374, 23.125457)
"114",114,1975,28,156,"China",20517,"Guangzhou, Guangdong",5,1.698116,c(113.257374, 23.125457)
"115",115,1980,29,156,"China",20517,"Guangzhou, Guangdong",5,1.869905,c(113.257374, 23.125457)
"116",116,1985,29,156,"China",20517,"Guangzhou, Guangdong",5,2.355566,c(113.257374, 23.125457)
"117",117,1990,29,156,"China",20517,"Guangzhou, Guangdong",5,3.245991,c(113.257374, 23.125457)
"118",118,1995,26,156,"China",20517,"Guangzhou, Guangdong",5,5.035339,c(113.257374, 23.125457)
"119",119,2000,23,156,"China",20517,"Guangzhou, Guangdong",5,7.812008,c(113.257374, 23.125457)
"120",120,2005,22,156,"China",20517,"Guangzhou, Guangdong",5,9.055056,c(113.257374, 23.125457)
"121",121,2010,23,156,"China",20517,"Guangzhou, Guangdong",5,10.278197,c(113.257374, 23.125457)
"122",122,2015,23,156,"China",20517,"Guangzhou, Guangdong",5,11.694882,c(113.257374, 23.125457)
"123",123,2020,22,156,"China",20517,"Guangzhou, Guangdong",5,13.301532,c(113.257374, 23.125457)
"124",124,2025,20,156,"China",20517,"Guangzhou, Guangdong",5,14.878691,c(113.257374, 23.125457)
"125",125,2030,22,156,"China",20517,"Guangzhou, Guangdong",5,16.024165,c(113.257374, 23.125457)
"126",126,2035,22,156,"China",20517,"Guangzhou, Guangdong",5,16.740973,c(113.257374, 23.125457)
"127",127,1950,8,156,"China",20656,"Shanghai",5,4.288091,c(121.45806, 31.22222)
"128",128,1955,7,156,"China",20656,"Shanghai",5,5.712858,c(121.45806, 31.22222)
"129",129,1960,5,156,"China",20656,"Shanghai",5,6.865312,c(121.45806, 31.22222)
"130",130,1965,10,156,"China",20656,"Shanghai",5,6.428131,c(121.45806, 31.22222)
"131",131,1970,13,156,"China",20656,"Shanghai",5,6.052468,c(121.45806, 31.22222)
"132",132,1975,14,156,"China",20656,"Shanghai",5,5.658129,c(121.45806, 31.22222)
"133",133,1980,16,156,"China",20656,"Shanghai",5,5.927898,c(121.45806, 31.22222)
"134",134,1985,15,156,"China",20656,"Shanghai",5,7.09628,c(121.45806, 31.22222)
"135",135,1990,15,156,"China",20656,"Shanghai",5,8.605812,c(121.45806, 31.22222)
"136",136,1995,12,156,"China",20656,"Shanghai",5,11.072063,c(121.45806, 31.22222)
"137",137,2000,8,156,"China",20656,"Shanghai",5,14.246541,c(121.45806, 31.22222)
"138",138,2005,8,156,"China",20656,"Shanghai",5,17.055788,c(121.45806, 31.22222)
"139",139,2010,3,156,"China",20656,"Shanghai",5,20.314309,c(121.45806, 31.22222)
"140",140,2015,3,156,"China",20656,"Shanghai",5,23.482181,c(121.45806, 31.22222)
"141",141,2020,3,156,"China",20656,"Shanghai",5,27.058479,c(121.45806, 31.22222)
"142",142,2025,3,156,"China",20656,"Shanghai",5,30.48214,c(121.45806, 31.22222)
"143",143,2030,3,156,"China",20656,"Shanghai",5,32.869265,c(121.45806, 31.22222)
"144",144,2035,3,156,"China",20656,"Shanghai",5,34.341242,c(121.45806, 31.22222)
"145",145,1950,30,156,"China",20667,"Shenzhen",5,0.003148,c(114.063427, 22.541487)
"146",146,1955,30,156,"China",20667,"Shenzhen",5,0.005112,c(114.063427, 22.541487)
"147",147,1960,30,156,"China",20667,"Shenzhen",5,0.008302,c(114.063427, 22.541487)
"148",148,1965,30,156,"China",20667,"Shenzhen",5,0.01348,c(114.063427, 22.541487)
"149",149,1970,30,156,"China",20667,"Shenzhen",5,0.02189,c(114.063427, 22.541487)
"150",150,1975,30,156,"China",20667,"Shenzhen",5,0.035547,c(114.063427, 22.541487)
"151",151,1980,30,156,"China",20667,"Shenzhen",5,0.058983,c(114.063427, 22.541487)
"152",152,1985,30,156,"China",20667,"Shenzhen",5,0.193113,c(114.063427, 22.541487)
"153",153,1990,30,156,"China",20667,"Shenzhen",5,0.875,c(114.063427, 22.541487)
"154",154,1995,30,156,"China",20667,"Shenzhen",5,2.393747,c(114.063427, 22.541487)
"155",155,2000,26,156,"China",20667,"Shenzhen",5,6.550414,c(114.063427, 22.541487)
"156",156,2005,26,156,"China",20667,"Shenzhen",5,8.409066,c(114.063427, 22.541487)
"157",157,2010,24,156,"China",20667,"Shenzhen",5,10.222916,c(114.063427, 22.541487)
"158",158,2015,25,156,"China",20667,"Shenzhen",5,11.275391,c(114.063427, 22.541487)
"159",159,2020,26,156,"China",20667,"Shenzhen",5,12.35682,c(114.063427, 22.541487)
"160",160,2025,25,156,"China",20667,"Shenzhen",5,13.545445,c(114.063427, 22.541487)
"161",161,2030,24,156,"China",20667,"Shenzhen",5,14.537252,c(114.063427, 22.541487)
"162",162,2035,24,156,"China",20667,"Shenzhen",5,15.185481,c(114.063427, 22.541487)
"163",163,1950,14,156,"China",20689,"Tianjin",5,2.467096,c(117.18862, 39.108842)
"164",164,1955,15,156,"China",20689,"Tianjin",5,2.760676,c(117.18862, 39.108842)
"165",165,1960,16,156,"China",20689,"Tianjin",5,2.935185,c(117.18862, 39.108842)
"166",166,1965,17,156,"China",20689,"Tianjin",5,3.12062,c(117.18862, 39.108842)
"167",167,1970,19,156,"China",20689,"Tianjin",5,3.317826,c(117.18862, 39.108842)
"168",168,1975,21,156,"China",20689,"Tianjin",5,3.527495,c(117.18862, 39.108842)
"169",169,1980,21,156,"China",20689,"Tianjin",5,3.750476,c(117.18862, 39.108842)
"170",170,1985,22,156,"China",20689,"Tianjin",5,4.097324,c(117.18862, 39.108842)
"171",171,1990,24,156,"China",20689,"Tianjin",5,4.558206,c(117.18862, 39.108842)
"172",172,1995,23,156,"China",20689,"Tianjin",5,5.643951,c(117.18862, 39.108842)
"173",173,2000,25,156,"China",20689,"Tianjin",5,6.988727,c(117.18862, 39.108842)
"174",174,2005,25,156,"China",20689,"Tianjin",5,8.430065,c(117.18862, 39.108842)
"175",175,2010,25,156,"China",20689,"Tianjin",5,10.150076,c(117.18862, 39.108842)
"176",176,2015,19,156,"China",20689,"Tianjin",5,12.516041,c(117.18862, 39.108842)
"177",177,2020,20,156,"China",20689,"Tianjin",5,13.589078,c(117.18862, 39.108842)
"178",178,2025,22,156,"China",20689,"Tianjin",5,14.70408,c(117.18862, 39.108842)
"179",179,2030,23,156,"China",20689,"Tianjin",5,15.74524,c(117.18862, 39.108842)
"180",180,2035,23,156,"China",20689,"Tianjin",5,16.445898,c(117.18862, 39.108842)
"181",181,1950,26,170,"Colombia",20837,"Bogotá",6,0.630315,c(-74.08175, 4.60971)
"182",182,1955,26,170,"Colombia",20837,"Bogotá",6,0.894187,c(-74.08175, 4.60971)
"183",183,1960,24,170,"Colombia",20837,"Bogotá",6,1.268645,c(-74.08175, 4.60971)
"184",184,1965,23,170,"Colombia",20837,"Bogotá",6,1.779758,c(-74.08175, 4.60971)
"185",185,1970,22,170,"Colombia",20837,"Bogotá",6,2.383425,c(-74.08175, 4.60971)
"186",186,1975,22,170,"Colombia",20837,"Bogotá",6,3.040465,c(-74.08175, 4.60971)
"187",187,1980,22,170,"Colombia",20837,"Bogotá",6,3.525154,c(-74.08175, 4.60971)
"188",188,1985,23,170,"Colombia",20837,"Bogotá",6,4.086775,c(-74.08175, 4.60971)
"189",189,1990,23,170,"Colombia",20837,"Bogotá",6,4.740448,c(-74.08175, 4.60971)
"190",190,1995,25,170,"Colombia",20837,"Bogotá",6,5.488071,c(-74.08175, 4.60971)
"191",191,2000,27,170,"Colombia",20837,"Bogotá",6,6.329384,c(-74.08175, 4.60971)
"192",192,2005,28,170,"Colombia",20837,"Bogotá",6,7.299095,c(-74.08175, 4.60971)
"193",193,2010,29,170,"Colombia",20837,"Bogotá",6,8.417705,c(-74.08175, 4.60971)
"194",194,2015,30,170,"Colombia",20837,"Bogotá",6,9.707746,c(-74.08175, 4.60971)
"195",195,2020,29,170,"Colombia",20837,"Bogotá",6,10.97836,c(-74.08175, 4.60971)
"196",196,2025,28,170,"Colombia",20837,"Bogotá",6,11.795829,c(-74.08175, 4.60971)
"197",197,2030,29,170,"Colombia",20837,"Bogotá",6,12.343364,c(-74.08175, 4.60971)
"198",198,2035,29,170,"Colombia",20837,"Bogotá",6,12.753324,c(-74.08175, 4.60971)
"199",199,1950,29,180,"Democratic Republic of the Congo",20853,"Kinshasa",NA,0.201905,c(15.31357, -4.32758)
"200",200,1955,29,180,"Democratic Republic of the Congo",20853,"Kinshasa",NA,0.292398,c(15.31357, -4.32758)
"201",201,1960,29,180,"Democratic Republic of the Congo",20853,"Kinshasa",NA,0.442853,c(15.31357, -4.32758)
"202",202,1965,29,180,"Democratic Republic of the Congo",20853,"Kinshasa",NA,0.717018,c(15.31357, -4.32758)
"203",203,1970,29,180,"Democratic Republic of the Congo",20853,"Kinshasa",NA,1.069714,c(15.31357, -4.32758)
"204",204,1975,29,180,"Democratic Republic of the Congo",20853,"Kinshasa",NA,1.48182,c(15.31357, -4.32758)
"205",205,1980,28,180,"Democratic Republic of the Congo",20853,"Kinshasa",NA,2.052874,c(15.31357, -4.32758)
"206",206,1985,28,180,"Democratic Republic of the Congo",20853,"Kinshasa",NA,2.811896,c(15.31357, -4.32758)
"207",207,1990,28,180,"Democratic Republic of the Congo",20853,"Kinshasa",NA,3.683274,c(15.31357, -4.32758)
"208",208,1995,27,180,"Democratic Republic of the Congo",20853,"Kinshasa",NA,4.824684,c(15.31357, -4.32758)
"209",209,2000,28,180,"Democratic Republic of the Congo",20853,"Kinshasa",NA,6.140419,c(15.31357, -4.32758)
"210",210,2005,27,180,"Democratic Republic of the Congo",20853,"Kinshasa",NA,7.589069,c(15.31357, -4.32758)
"211",211,2010,27,180,"Democratic Republic of the Congo",20853,"Kinshasa",NA,9.381673,c(15.31357, -4.32758)
"212",212,2015,24,180,"Democratic Republic of the Congo",20853,"Kinshasa",NA,11.597706,c(15.31357, -4.32758)
"213",213,2020,18,180,"Democratic Republic of the Congo",20853,"Kinshasa",NA,14.342439,c(15.31357, -4.32758)
"214",214,2025,14,180,"Democratic Republic of the Congo",20853,"Kinshasa",NA,17.778474,c(15.31357, -4.32758)
"215",215,2030,10,180,"Democratic Republic of the Congo",20853,"Kinshasa",NA,21.914342,c(15.31357, -4.32758)
"216",216,2035,7,180,"Democratic Republic of the Congo",20853,"Kinshasa",NA,26.681825,c(15.31357, -4.32758)
"217",217,1950,13,818,"Egypt",22812,"Al-Qahirah (Cairo)",7,2.493514,c(31.239411, 30.039173)
"218",218,1955,14,818,"Egypt",22812,"Al-Qahirah (Cairo)",7,3.029198,c(31.239411, 30.039173)
"219",219,1960,15,818,"Egypt",22812,"Al-Qahirah (Cairo)",7,3.68016,c(31.239411, 30.039173)
"220",220,1965,14,818,"Egypt",22812,"Al-Qahirah (Cairo)",7,4.737968,c(31.239411, 30.039173)
"221",221,1970,14,818,"Egypt",22812,"Al-Qahirah (Cairo)",7,5.584507,c(31.239411, 30.039173)
"222",222,1975,13,818,"Egypt",22812,"Al-Qahirah (Cairo)",7,6.449922,c(31.239411, 30.039173)
"223",223,1980,13,818,"Egypt",22812,"Al-Qahirah (Cairo)",7,7.348778,c(31.239411, 30.039173)
"224",224,1985,13,818,"Egypt",22812,"Al-Qahirah (Cairo)",7,8.328255,c(31.239411, 30.039173)
"225",225,1990,10,818,"Egypt",22812,"Al-Qahirah (Cairo)",7,9.892143,c(31.239411, 30.039173)
"226",226,1995,9,818,"Egypt",22812,"Al-Qahirah (Cairo)",7,11.961986,c(31.239411, 30.039173)
"227",227,2000,9,818,"Egypt",22812,"Al-Qahirah (Cairo)",7,13.625565,c(31.239411, 30.039173)
"228",228,2005,9,818,"Egypt",22812,"Al-Qahirah (Cairo)",7,15.17405,c(31.239411, 30.039173)
"229",229,2010,9,818,"Egypt",22812,"Al-Qahirah (Cairo)",7,16.899015,c(31.239411, 30.039173)
"230",230,2015,8,818,"Egypt",22812,"Al-Qahirah (Cairo)",7,18.820072,c(31.239411, 30.039173)
"231",231,2020,7,818,"Egypt",22812,"Al-Qahirah (Cairo)",7,20.900604,c(31.239411, 30.039173)
"232",232,2025,5,818,"Egypt",22812,"Al-Qahirah (Cairo)",7,23.074225,c(31.239411, 30.039173)
"233",233,2030,5,818,"Egypt",22812,"Al-Qahirah (Cairo)",7,25.516696,c(31.239411, 30.039173)
"234",234,2035,5,818,"Egypt",22812,"Al-Qahirah (Cairo)",7,28.504351,c(31.239411, 30.039173)
"235",235,1950,4,250,"France",20985,"Paris",NA,6.283018,c(2.3488, 48.85341)
"236",236,1955,4,250,"France",20985,"Paris",NA,6.796437,c(2.3488, 48.85341)
"237",237,1960,4,250,"France",20985,"Paris",NA,7.410735,c(2.3488, 48.85341)
"238",238,1965,4,250,"France",20985,"Paris",NA,7.855185,c(2.3488, 48.85341)
"239",239,1970,7,250,"France",20985,"Paris",NA,8.208121,c(2.3488, 48.85341)
"240",240,1975,8,250,"France",20985,"Paris",NA,8.557844,c(2.3488, 48.85341)
"241",241,1980,11,250,"France",20985,"Paris",NA,8.669349,c(2.3488, 48.85341)
"242",242,1985,11,250,"France",20985,"Paris",NA,8.956222,c(2.3488, 48.85341)
"243",243,1990,13,250,"France",20985,"Paris",NA,9.330327,c(2.3488, 48.85341)
"244",244,1995,14,250,"France",20985,"Paris",NA,9.510103,c(2.3488, 48.85341)
"245",245,2000,19,250,"France",20985,"Paris",NA,9.736538,c(2.3488, 48.85341)
"246",246,2005,20,250,"France",20985,"Paris",NA,10.091795,c(2.3488, 48.85341)
"247",247,2010,21,250,"France",20985,"Paris",NA,10.460118,c(2.3488, 48.85341)
"248",248,2015,26,250,"France",20985,"Paris",NA,10.733502,c(2.3488, 48.85341)
"249",249,2020,28,250,"France",20985,"Paris",NA,11.01723,c(2.3488, 48.85341)
"250",250,2025,30,250,"France",20985,"Paris",NA,11.346802,c(2.3488, 48.85341)
"251",251,2030,30,250,"France",20985,"Paris",NA,11.709788,c(2.3488, 48.85341)
"252",252,2035,30,250,"France",20985,"Paris",NA,12.064575,c(2.3488, 48.85341)
"253",253,1950,25,356,"India",21176,"Bangalore",NA,0.745999,c(77.59369, 12.97194)
"254",254,1955,25,356,"India",21176,"Bangalore",NA,0.939396,c(77.59369, 12.97194)
"255",255,1960,26,356,"India",21176,"Bangalore",NA,1.165978,c(77.59369, 12.97194)
"256",256,1965,26,356,"India",21176,"Bangalore",NA,1.377314,c(77.59369, 12.97194)
"257",257,1970,25,356,"India",21176,"Bangalore",NA,1.614756,c(77.59369, 12.97194)
"258",258,1975,26,356,"India",21176,"Bangalore",NA,2.110599,c(77.59369, 12.97194)
"259",259,1980,26,356,"India",21176,"Bangalore",NA,2.812428,c(77.59369, 12.97194)
"260",260,1985,26,356,"India",21176,"Bangalore",NA,3.397214,c(77.59369, 12.97194)
"261",261,1990,25,356,"India",21176,"Bangalore",NA,4.042598,c(77.59369, 12.97194)
"262",262,1995,28,356,"India",21176,"Bangalore",NA,4.754228,c(77.59369, 12.97194)
"263",263,2000,29,356,"India",21176,"Bangalore",NA,5.581263,c(77.59369, 12.97194)
"264",264,2005,30,356,"India",21176,"Bangalore",NA,6.785901,c(77.59369, 12.97194)
"265",265,2010,30,356,"India",21176,"Bangalore",NA,8.295564,c(77.59369, 12.97194)
"266",266,2015,29,356,"India",21176,"Bangalore",NA,10.14108,c(77.59369, 12.97194)
"267",267,2020,27,356,"India",21176,"Bangalore",NA,12.326532,c(77.59369, 12.97194)
"268",268,2025,23,356,"India",21176,"Bangalore",NA,14.395443,c(77.59369, 12.97194)
"269",269,2030,21,356,"India",21176,"Bangalore",NA,16.226826,c(77.59369, 12.97194)
"270",270,2035,19,356,"India",21176,"Bangalore",NA,18.065541,c(77.59369, 12.97194)
"271",271,1950,20,356,"India",21228,"Delhi",8,1.369369,c(77.21667, 28.66667)
"272",272,1955,20,356,"India",21228,"Delhi",8,1.781624,c(77.21667, 28.66667)
"273",273,1960,18,356,"India",21228,"Delhi",8,2.282962,c(77.21667, 28.66667)
"274",274,1965,18,356,"India",21228,"Delhi",8,2.845042,c(77.21667, 28.66667)
"275",275,1970,18,356,"India",21228,"Delhi",8,3.530693,c(77.21667, 28.66667)
"276",276,1975,18,356,"India",21228,"Delhi",8,4.436385,c(77.21667, 28.66667)
"277",277,1980,17,356,"India",21228,"Delhi",8,5.587014,c(77.21667, 28.66667)
"278",278,1985,14,356,"India",21228,"Delhi",8,7.225758,c(77.21667, 28.66667)
"279",279,1990,12,356,"India",21228,"Delhi",8,9.384209,c(77.21667, 28.66667)
"280",280,1995,7,356,"India",21228,"Delhi",8,12.138233,c(77.21667, 28.66667)
"281",281,2000,7,356,"India",21228,"Delhi",8,15.691899,c(77.21667, 28.66667)
"282",282,2005,4,356,"India",21228,"Delhi",8,18.69133,c(77.21667, 28.66667)
"283",283,2010,2,356,"India",21228,"Delhi",8,21.987895,c(77.21667, 28.66667)
"284",284,2015,2,356,"India",21228,"Delhi",8,25.865875,c(77.21667, 28.66667)
"285",285,2020,2,356,"India",21228,"Delhi",8,30.290936,c(77.21667, 28.66667)
"286",286,2025,2,356,"India",21228,"Delhi",8,34.665569,c(77.21667, 28.66667)
"287",287,2030,1,356,"India",21228,"Delhi",8,38.938697,c(77.21667, 28.66667)
"288",288,2035,1,356,"India",21228,"Delhi",8,43.345059,c(77.21667, 28.66667)
"289",289,1950,7,356,"India",21211,"Kolkata (Calcutta)",NA,4.604143,c(88.356045, 22.533455)
"290",290,1955,8,356,"India",21211,"Kolkata (Calcutta)",NA,5.219086,c(88.356045, 22.533455)
"291",291,1960,9,356,"India",21211,"Kolkata (Calcutta)",NA,5.91021,c(88.356045, 22.533455)
"292",292,1965,9,356,"India",21211,"Kolkata (Calcutta)",NA,6.589384,c(88.356045, 22.533455)
"293",293,1970,9,356,"India",21211,"Kolkata (Calcutta)",NA,7.329372,c(88.356045, 22.533455)
"294",294,1975,9,356,"India",21211,"Kolkata (Calcutta)",NA,8.165629,c(88.356045, 22.533455)
"295",295,1980,9,356,"India",21211,"Kolkata (Calcutta)",NA,9.100166,c(88.356045, 22.533455)
"296",296,1985,9,356,"India",21211,"Kolkata (Calcutta)",NA,10.003665,c(88.356045, 22.533455)
"297",297,1990,8,356,"India",21211,"Kolkata (Calcutta)",NA,10.974177,c(88.356045, 22.533455)
"298",298,1995,8,356,"India",21211,"Kolkata (Calcutta)",NA,11.992194,c(88.356045, 22.533455)
"299",299,2000,10,356,"India",21211,"Kolkata (Calcutta)",NA,13.097153,c(88.356045, 22.533455)
"300",300,2005,10,356,"India",21211,"Kolkata (Calcutta)",NA,13.595152,c(88.356045, 22.533455)
"301",301,2010,13,356,"India",21211,"Kolkata (Calcutta)",NA,14.002798,c(88.356045, 22.533455)
"302",302,2015,13,356,"India",21211,"Kolkata (Calcutta)",NA,14.42267,c(88.356045, 22.533455)
"303",303,2020,16,356,"India",21211,"Kolkata (Calcutta)",NA,14.850066,c(88.356045, 22.533455)
"304",304,2025,17,356,"India",21211,"Kolkata (Calcutta)",NA,15.845219,c(88.356045, 22.533455)
"305",305,2030,16,356,"India",21211,"Kolkata (Calcutta)",NA,17.583604,c(88.356045, 22.533455)
"306",306,2035,15,356,"India",21211,"Kolkata (Calcutta)",NA,19.56417,c(88.356045, 22.533455)
"307",307,1950,11,356,"India",21206,"Mumbai (Bombay)",NA,3.088811,c(72.880838, 19.073975)
"308",308,1955,11,356,"India",21206,"Mumbai (Bombay)",NA,3.72621,c(72.880838, 19.073975)
"309",309,1960,12,356,"India",21206,"Mumbai (Bombay)",NA,4.414904,c(72.880838, 19.073975)
"310",310,1965,13,356,"India",21206,"Mumbai (Bombay)",NA,5.3143,c(72.880838, 19.073975)
"311",311,1970,12,356,"India",21206,"Mumbai (Bombay)",NA,6.412876,c(72.880838, 19.073975)
"312",312,1975,11,356,"India",21206,"Mumbai (Bombay)",NA,7.685346,c(72.880838, 19.073975)
"313",313,1980,8,356,"India",21206,"Mumbai (Bombay)",NA,9.199543,c(72.880838, 19.073975)
"314",314,1985,6,356,"India",21206,"Mumbai (Bombay)",NA,10.68553,c(72.880838, 19.073975)
"315",315,1990,6,356,"India",21206,"Mumbai (Bombay)",NA,12.35509,c(72.880838, 19.073975)
"316",316,1995,6,356,"India",21206,"Mumbai (Bombay)",NA,14.135363,c(72.880838, 19.073975)
"317",317,2000,6,356,"India",21206,"Mumbai (Bombay)",NA,16.146527,c(72.880838, 19.073975)
"318",318,2005,7,356,"India",21206,"Mumbai (Bombay)",NA,17.257072,c(72.880838, 19.073975)
"319",319,2010,8,356,"India",21206,"Mumbai (Bombay)",NA,18.257413,c(72.880838, 19.073975)
"320",320,2015,6,356,"India",21206,"Mumbai (Bombay)",NA,19.315737,c(72.880838, 19.073975)
"321",321,2020,9,356,"India",21206,"Mumbai (Bombay)",NA,20.411274,c(72.880838, 19.073975)
"322",322,2025,9,356,"India",21206,"Mumbai (Bombay)",NA,22.088953,c(72.880838, 19.073975)
"323",323,2030,6,356,"India",21206,"Mumbai (Bombay)",NA,24.57245,c(72.880838, 19.073975)
"324",324,2035,6,356,"India",21206,"Mumbai (Bombay)",NA,27.342819,c(72.880838, 19.073975)
"325",325,1950,19,360,"Indonesia",21454,"Jakarta",9,1.452,c(106.841646, -6.211831)
"326",326,1955,17,360,"Indonesia",21454,"Jakarta",9,1.972106,c(106.841646, -6.211831)
"327",327,1960,17,360,"Indonesia",21454,"Jakarta",9,2.67874,c(106.841646, -6.211831)
"328",328,1965,16,360,"Indonesia",21454,"Jakarta",9,3.296964,c(106.841646, -6.211831)
"329",329,1970,16,360,"Indonesia",21454,"Jakarta",9,3.915406,c(106.841646, -6.211831)
"330",330,1975,17,360,"Indonesia",21454,"Jakarta",9,4.813132,c(106.841646, -6.211831)
"331",331,1980,14,360,"Indonesia",21454,"Jakarta",9,5.984256,c(106.841646, -6.211831)
"332",332,1985,16,360,"Indonesia",21454,"Jakarta",9,7.00903,c(106.841646, -6.211831)
"333",333,1990,16,360,"Indonesia",21454,"Jakarta",9,8.174756,c(106.841646, -6.211831)
"334",334,1995,20,360,"Indonesia",21454,"Jakarta",9,8.321858,c(106.841646, -6.211831)
"335",335,2000,21,360,"Indonesia",21454,"Jakarta",9,8.389759,c(106.841646, -6.211831)
"336",336,2005,23,360,"Indonesia",21454,"Jakarta",9,8.988406,c(106.841646, -6.211831)
"337",337,2010,26,360,"Indonesia",21454,"Jakarta",9,9.625579,c(106.841646, -6.211831)
"338",338,2015,28,360,"Indonesia",21454,"Jakarta",9,10.173388,c(106.841646, -6.211831)
"339",339,2020,30,360,"Indonesia",21454,"Jakarta",9,10.770487,c(106.841646, -6.211831)
"340",340,2025,29,360,"Indonesia",21454,"Jakarta",9,11.634078,c(106.841646, -6.211831)
"341",341,2030,28,360,"Indonesia",21454,"Jakarta",9,12.686756,c(106.841646, -6.211831)
"342",342,2035,27,360,"Indonesia",21454,"Jakarta",9,13.688321,c(106.841646, -6.211831)
"343",343,1950,3,392,"Japan",206459,"Kinki M.M.A. (Osaka)",10,7.005284,c(135.553823, 34.675834)
"344",344,1955,3,392,"Japan",206459,"Kinki M.M.A. (Osaka)",10,8.622976,c(135.553823, 34.675834)
"345",345,1960,3,392,"Japan",206459,"Kinki M.M.A. (Osaka)",10,10.614841,c(135.553823, 34.675834)
"346",346,1965,3,392,"Japan",206459,"Kinki M.M.A. (Osaka)",10,13.065322,c(135.553823, 34.675834)
"347",347,1970,3,392,"Japan",206459,"Kinki M.M.A. (Osaka)",10,15.27151,c(135.553823, 34.675834)
"348",348,1975,2,392,"Japan",206459,"Kinki M.M.A. (Osaka)",10,16.298124,c(135.553823, 34.675834)
"349",349,1980,2,392,"Japan",206459,"Kinki M.M.A. (Osaka)",10,17.027547,c(135.553823, 34.675834)
"350",350,1985,2,392,"Japan",206459,"Kinki M.M.A. (Osaka)",10,17.582632,c(135.553823, 34.675834)
"351",351,1990,2,392,"Japan",206459,"Kinki M.M.A. (Osaka)",10,18.388783,c(135.553823, 34.675834)
"352",352,1995,2,392,"Japan",206459,"Kinki M.M.A. (Osaka)",10,18.939588,c(135.553823, 34.675834)
"353",353,2000,2,392,"Japan",206459,"Kinki M.M.A. (Osaka)",10,18.660022,c(135.553823, 34.675834)
"354",354,2005,3,392,"Japan",206459,"Kinki M.M.A. (Osaka)",10,18.762099,c(135.553823, 34.675834)
"355",355,2010,6,392,"Japan",206459,"Kinki M.M.A. (Osaka)",10,19.312646,c(135.553823, 34.675834)
"356",356,2015,7,392,"Japan",206459,"Kinki M.M.A. (Osaka)",10,19.304722,c(135.553823, 34.675834)
"357",357,2020,10,392,"Japan",206459,"Kinki M.M.A. (Osaka)",10,19.16534,c(135.553823, 34.675834)
"358",358,2025,11,392,"Japan",206459,"Kinki M.M.A. (Osaka)",10,18.921632,c(135.553823, 34.675834)
"359",359,2030,15,392,"Japan",206459,"Kinki M.M.A. (Osaka)",10,18.658055,c(135.553823, 34.675834)
"360",360,2035,18,392,"Japan",206459,"Kinki M.M.A. (Osaka)",10,18.345611,c(135.553823, 34.675834)
"361",361,1950,2,392,"Japan",21671,"Tokyo",11,11.274641,c(139.69171, 35.6895)
"362",362,1955,1,392,"Japan",21671,"Tokyo",11,13.712679,c(139.69171, 35.6895)
"363",363,1960,1,392,"Japan",21671,"Tokyo",11,16.678821,c(139.69171, 35.6895)
"364",364,1965,1,392,"Japan",21671,"Tokyo",11,20.284371,c(139.69171, 35.6895)
"365",365,1970,1,392,"Japan",21671,"Tokyo",11,23.297503,c(139.69171, 35.6895)
"366",366,1975,1,392,"Japan",21671,"Tokyo",11,26.614733,c(139.69171, 35.6895)
"367",367,1980,1,392,"Japan",21671,"Tokyo",11,28.548512,c(139.69171, 35.6895)
"368",368,1985,1,392,"Japan",21671,"Tokyo",11,30.303794,c(139.69171, 35.6895)
"369",369,1990,1,392,"Japan",21671,"Tokyo",11,32.530003,c(139.69171, 35.6895)
"370",370,1995,1,392,"Japan",21671,"Tokyo",11,33.586573,c(139.69171, 35.6895)
"371",371,2000,1,392,"Japan",21671,"Tokyo",11,34.449908,c(139.69171, 35.6895)
"372",372,2005,1,392,"Japan",21671,"Tokyo",11,35.621544,c(139.69171, 35.6895)
"373",373,2010,1,392,"Japan",21671,"Tokyo",11,36.859626,c(139.69171, 35.6895)
"374",374,2015,1,392,"Japan",21671,"Tokyo",11,37.256109,c(139.69171, 35.6895)
"375",375,2020,1,392,"Japan",21671,"Tokyo",11,37.393129,c(139.69171, 35.6895)
"376",376,2025,1,392,"Japan",21671,"Tokyo",11,37.036204,c(139.69171, 35.6895)
"377",377,2030,2,392,"Japan",21671,"Tokyo",11,36.573799,c(139.69171, 35.6895)
"378",378,2035,2,392,"Japan",21671,"Tokyo",11,36.01403,c(139.69171, 35.6895)
"379",379,1950,10,484,"Mexico",21853,"Ciudad de México (Mexico City)",12,3.365081,c(-99.141869, 19.427318)
"380",380,1955,10,484,"Mexico",21853,"Ciudad de México (Mexico City)",12,4.293878,c(-99.141869, 19.427318)
"381",381,1960,10,484,"Mexico",21853,"Ciudad de México (Mexico City)",12,5.479184,c(-99.141869, 19.427318)
"382",382,1965,7,484,"Mexico",21853,"Ciudad de México (Mexico City)",12,6.969157,c(-99.141869, 19.427318)
"383",383,1970,4,484,"Mexico",21853,"Ciudad de México (Mexico City)",12,8.830947,c(-99.141869, 19.427318)
"384",384,1975,4,484,"Mexico",21853,"Ciudad de México (Mexico City)",12,10.73386,c(-99.141869, 19.427318)
"385",385,1980,4,484,"Mexico",21853,"Ciudad de México (Mexico City)",12,13.02762,c(-99.141869, 19.427318)
"386",386,1985,4,484,"Mexico",21853,"Ciudad de México (Mexico City)",12,14.278216,c(-99.141869, 19.427318)
"387",387,1990,4,484,"Mexico",21853,"Ciudad de México (Mexico City)",12,15.642318,c(-99.141869, 19.427318)
"388",388,1995,3,484,"Mexico",21853,"Ciudad de México (Mexico City)",12,17.017469,c(-99.141869, 19.427318)
"389",389,2000,3,484,"Mexico",21853,"Ciudad de México (Mexico City)",12,18.457027,c(-99.141869, 19.427318)
"390",390,2005,2,484,"Mexico",21853,"Ciudad de México (Mexico City)",12,19.276065,c(-99.141869, 19.427318)
"391",391,2010,4,484,"Mexico",21853,"Ciudad de México (Mexico City)",12,20.136681,c(-99.141869, 19.427318)
"392",392,2015,4,484,"Mexico",21853,"Ciudad de México (Mexico City)",12,21.339781,c(-99.141869, 19.427318)
"393",393,2020,5,484,"Mexico",21853,"Ciudad de México (Mexico City)",12,21.782378,c(-99.141869, 19.427318)
"394",394,2025,7,484,"Mexico",21853,"Ciudad de México (Mexico City)",12,22.752414,c(-99.141869, 19.427318)
"395",395,2030,8,484,"Mexico",21853,"Ciudad de México (Mexico City)",12,24.110599,c(-99.141869, 19.427318)
"396",396,2035,8,484,"Mexico",21853,"Ciudad de México (Mexico City)",12,25.414624,c(-99.141869, 19.427318)
"397",397,1950,28,566,"Nigeria",22007,"Lagos",13,0.325218,c(3.39583, 6.45306)
"398",398,1955,27,566,"Nigeria",22007,"Lagos",13,0.46846,c(3.39583, 6.45306)
"399",399,1960,27,566,"Nigeria",22007,"Lagos",13,0.762418,c(3.39583, 6.45306)
"400",400,1965,27,566,"Nigeria",22007,"Lagos",13,1.135439,c(3.39583, 6.45306)
"401",401,1970,27,566,"Nigeria",22007,"Lagos",13,1.413528,c(3.39583, 6.45306)
"402",402,1975,27,566,"Nigeria",22007,"Lagos",13,1.889802,c(3.39583, 6.45306)
"403",403,1980,27,566,"Nigeria",22007,"Lagos",13,2.572218,c(3.39583, 6.45306)
"404",404,1985,24,566,"Nigeria",22007,"Lagos",13,3.500464,c(3.39583, 6.45306)
"405",405,1990,22,566,"Nigeria",22007,"Lagos",13,4.764093,c(3.39583, 6.45306)
"406",406,1995,22,566,"Nigeria",22007,"Lagos",13,5.98268,c(3.39583, 6.45306)
"407",407,2000,24,566,"Nigeria",22007,"Lagos",13,7.280706,c(3.39583, 6.45306)
"408",408,2005,24,566,"Nigeria",22007,"Lagos",13,8.859399,c(3.39583, 6.45306)
"409",409,2010,22,566,"Nigeria",22007,"Lagos",13,10.441182,c(3.39583, 6.45306)
"410",410,2015,21,566,"Nigeria",22007,"Lagos",13,12.239206,c(3.39583, 6.45306)
"411",411,2020,17,566,"Nigeria",22007,"Lagos",13,14.368332,c(3.39583, 6.45306)
"412",412,2025,15,566,"Nigeria",22007,"Lagos",13,17.156393,c(3.39583, 6.45306)
"413",413,2030,11,566,"Nigeria",22007,"Lagos",13,20.600156,c(3.39583, 6.45306)
"414",414,2035,11,566,"Nigeria",22007,"Lagos",13,24.418768,c(3.39583, 6.45306)
"415",415,1950,21,586,"Pakistan",22044,"Karachi",NA,1.05538,c(67.0822, 24.9056)
"416",416,1955,21,586,"Pakistan",22044,"Karachi",NA,1.419491,c(67.0822, 24.9056)
"417",417,1960,21,586,"Pakistan",22044,"Karachi",NA,1.853325,c(67.0822, 24.9056)
"418",418,1965,20,586,"Pakistan",22044,"Karachi",NA,2.405037,c(67.0822, 24.9056)
"419",419,1970,20,586,"Pakistan",22044,"Karachi",NA,3.118723,c(67.0822, 24.9056)
"420",420,1975,19,586,"Pakistan",22044,"Karachi",NA,3.989191,c(67.0822, 24.9056)
"421",421,1980,19,586,"Pakistan",22044,"Karachi",NA,5.047815,c(67.0822, 24.9056)
"422",422,1985,18,586,"Pakistan",22044,"Karachi",NA,6.032582,c(67.0822, 24.9056)
"423",423,1990,18,586,"Pakistan",22044,"Karachi",NA,7.147064,c(67.0822, 24.9056)
"424",424,1995,17,586,"Pakistan",22044,"Karachi",NA,8.467439,c(67.0822, 24.9056)
"425",425,2000,18,586,"Pakistan",22044,"Karachi",NA,9.825295,c(67.0822, 24.9056)
"426",426,2005,16,586,"Pakistan",22044,"Karachi",NA,11.131559,c(67.0822, 24.9056)
"427",427,2010,14,586,"Pakistan",22044,"Karachi",NA,12.611924,c(67.0822, 24.9056)
"428",428,2015,14,586,"Pakistan",22044,"Karachi",NA,14.28916,c(67.0822, 24.9056)
"429",429,2020,12,586,"Pakistan",22044,"Karachi",NA,16.093786,c(67.0822, 24.9056)
"430",430,2025,13,586,"Pakistan",22044,"Karachi",NA,18.076794,c(67.0822, 24.9056)
"431",431,2030,12,586,"Pakistan",22044,"Karachi",NA,20.431848,c(67.0822, 24.9056)
"432",432,2035,12,586,"Pakistan",22044,"Karachi",NA,23.128137,c(67.0822, 24.9056)
"433",433,1950,24,586,"Pakistan",22046,"Lahore",NA,0.835769,c(74.343611, 31.549722)
"434",434,1955,24,586,"Pakistan",22046,"Lahore",NA,1.021679,c(74.343611, 31.549722)
"435",435,1960,25,586,"Pakistan",22046,"Lahore",NA,1.264277,c(74.343611, 31.549722)
"436",436,1965,24,586,"Pakistan",22046,"Lahore",NA,1.574981,c(74.343611, 31.549722)
"437",437,1970,24,586,"Pakistan",22046,"Lahore",NA,1.963951,c(74.343611, 31.549722)
"438",438,1975,24,586,"Pakistan",22046,"Lahore",NA,2.398576,c(74.343611, 31.549722)
"439",439,1980,25,586,"Pakistan",22046,"Lahore",NA,2.881596,c(74.343611, 31.549722)
"440",440,1985,27,586,"Pakistan",22046,"Lahore",NA,3.387873,c(74.343611, 31.549722)
"441",441,1990,27,586,"Pakistan",22046,"Lahore",NA,3.970161,c(74.343611, 31.549722)
"442",442,1995,29,586,"Pakistan",22046,"Lahore",NA,4.652529,c(74.343611, 31.549722)
"443",443,2000,30,586,"Pakistan",22046,"Lahore",NA,5.576372,c(74.343611, 31.549722)
"444",444,2005,29,586,"Pakistan",22046,"Lahore",NA,6.856969,c(74.343611, 31.549722)
"445",445,2010,28,586,"Pakistan",22046,"Lahore",NA,8.432132,c(74.343611, 31.549722)
"446",446,2015,27,586,"Pakistan",22046,"Lahore",NA,10.369137,c(74.343611, 31.549722)
"447",447,2020,23,586,"Pakistan",22046,"Lahore",NA,12.642423,c(74.343611, 31.549722)
"448",448,2025,21,586,"Pakistan",22046,"Lahore",NA,14.825828,c(74.343611, 31.549722)
"449",449,2030,18,586,"Pakistan",22046,"Lahore",NA,16.883085,c(74.343611, 31.549722)
"450",450,2035,16,586,"Pakistan",22046,"Lahore",NA,19.116605,c(74.343611, 31.549722)
"451",451,1950,18,608,"Philippines",22109,"Manila",14,1.543666,c(120.9822, 14.6042)
"452",452,1955,19,608,"Philippines",22109,"Manila",14,1.871605,c(120.9822, 14.6042)
"453",453,1960,20,608,"Philippines",22109,"Manila",14,2.273734,c(120.9822, 14.6042)
"454",454,1965,19,608,"Philippines",22109,"Manila",14,2.828883,c(120.9822, 14.6042)
"455",455,1970,17,608,"Philippines",22109,"Manila",14,3.534309,c(120.9822, 14.6042)
"456",456,1975,15,608,"Philippines",22109,"Manila",14,4.999303,c(120.9822, 14.6042)
"457",457,1980,15,608,"Philippines",22109,"Manila",14,5.954719,c(120.9822, 14.6042)
"458",458,1985,17,608,"Philippines",22109,"Manila",14,6.88792,c(120.9822, 14.6042)
"459",459,1990,17,608,"Philippines",22109,"Manila",14,7.972799,c(120.9822, 14.6042)
"460",460,1995,15,608,"Philippines",22109,"Manila",14,9.401255,c(120.9822, 14.6042)
"461",461,2000,17,608,"Philippines",22109,"Manila",14,9.957962,c(120.9822, 14.6042)
"462",462,2005,18,608,"Philippines",22109,"Manila",14,10.750752,c(120.9822, 14.6042)
"463",463,2010,18,608,"Philippines",22109,"Manila",14,11.887189,c(120.9822, 14.6042)
"464",464,2015,18,608,"Philippines",22109,"Manila",14,12.860058,c(120.9822, 14.6042)
"465",465,2020,19,608,"Philippines",22109,"Manila",14,13.923452,c(120.9822, 14.6042)
"466",466,2025,19,608,"Philippines",22109,"Manila",14,15.230559,c(120.9822, 14.6042)
"467",467,2030,19,608,"Philippines",22109,"Manila",14,16.84134,c(120.9822, 14.6042)
"468",468,2035,17,608,"Philippines",22109,"Manila",14,18.649422,c(120.9822, 14.6042)
"469",469,1950,5,643,"Russian Federation",22299,"Moskva (Moscow)",NA,5.356392,c(37.621849, 55.754996)
"470",470,1955,6,643,"Russian Federation",22299,"Moskva (Moscow)",NA,5.748746,c(37.621849, 55.754996)
"471",471,1960,8,643,"Russian Federation",22299,"Moskva (Moscow)",NA,6.169961,c(37.621849, 55.754996)
"472",472,1965,8,643,"Russian Federation",22299,"Moskva (Moscow)",NA,6.62178,c(37.621849, 55.754996)
"473",473,1970,10,643,"Russian Federation",22299,"Moskva (Moscow)",NA,7.106457,c(37.621849, 55.754996)
"474",474,1975,12,643,"Russian Federation",22299,"Moskva (Moscow)",NA,7.622703,c(37.621849, 55.754996)
"475",475,1980,12,643,"Russian Federation",22299,"Moskva (Moscow)",NA,8.136141,c(37.621849, 55.754996)
"476",476,1985,12,643,"Russian Federation",22299,"Moskva (Moscow)",NA,8.57992,c(37.621849, 55.754996)
"477",477,1990,14,643,"Russian Federation",22299,"Moskva (Moscow)",NA,8.986631,c(37.621849, 55.754996)
"478",478,1995,16,643,"Russian Federation",22299,"Moskva (Moscow)",NA,9.200994,c(37.621849, 55.754996)
"479",479,2000,16,643,"Russian Federation",22299,"Moskva (Moscow)",NA,10.004523,c(37.621849, 55.754996)
"480",480,2005,17,643,"Russian Federation",22299,"Moskva (Moscow)",NA,10.751428,c(37.621849, 55.754996)
"481",481,2010,19,643,"Russian Federation",22299,"Moskva (Moscow)",NA,11.461264,c(37.621849, 55.754996)
"482",482,2015,22,643,"Russian Federation",22299,"Moskva (Moscow)",NA,12.049135,c(37.621849, 55.754996)
"483",483,2020,24,643,"Russian Federation",22299,"Moskva (Moscow)",NA,12.537954,c(37.621849, 55.754996)
"484",484,2025,26,643,"Russian Federation",22299,"Moskva (Moscow)",NA,12.737356,c(37.621849, 55.754996)
"485",485,2030,27,643,"Russian Federation",22299,"Moskva (Moscow)",NA,12.795712,c(37.621849, 55.754996)
"486",486,2035,28,643,"Russian Federation",22299,"Moskva (Moscow)",NA,12.822748,c(37.621849, 55.754996)
"487",487,1950,23,792,"Turkey",22691,"Istanbul",NA,0.967497,c(28.9497, 41.0138)
"488",488,1955,22,792,"Turkey",22691,"Istanbul",NA,1.248709,c(28.9497, 41.0138)
"489",489,1960,22,792,"Turkey",22691,"Istanbul",NA,1.453353,c(28.9497, 41.0138)
"490",490,1965,22,792,"Turkey",22691,"Istanbul",NA,2.001192,c(28.9497, 41.0138)
"491",491,1970,21,792,"Turkey",22691,"Istanbul",NA,2.772095,c(28.9497, 41.0138)
"492",492,1975,20,792,"Turkey",22691,"Istanbul",NA,3.600332,c(28.9497, 41.0138)
"493",493,1980,20,792,"Turkey",22691,"Istanbul",NA,4.397037,c(28.9497, 41.0138)
"494",494,1985,20,792,"Turkey",22691,"Istanbul",NA,5.407297,c(28.9497, 41.0138)
"495",495,1990,21,792,"Turkey",22691,"Istanbul",NA,6.55216,c(28.9497, 41.0138)
"496",496,1995,21,792,"Turkey",22691,"Istanbul",NA,7.665403,c(28.9497, 41.0138)
"497",497,2000,20,792,"Turkey",22691,"Istanbul",NA,8.743868,c(28.9497, 41.0138)
"498",498,2005,19,792,"Turkey",22691,"Istanbul",NA,10.465694,c(28.9497, 41.0138)
"499",499,2010,15,792,"Turkey",22691,"Istanbul",NA,12.584885,c(28.9497, 41.0138)
"500",500,2015,15,792,"Turkey",22691,"Istanbul",NA,14.126772,c(28.9497, 41.0138)
"501",501,2020,14,792,"Turkey",22691,"Istanbul",NA,15.190336,c(28.9497, 41.0138)
"502",502,2025,16,792,"Turkey",22691,"Istanbul",NA,16.236703,c(28.9497, 41.0138)
"503",503,2030,17,792,"Turkey",22691,"Istanbul",NA,17.12424,c(28.9497, 41.0138)
"504",504,2035,20,792,"Turkey",22691,"Istanbul",NA,17.986297,c(28.9497, 41.0138)
"505",505,1950,9,840,"United States of America",23052,"Los Angeles-Long Beach-Santa Ana",NA,4.045514,c(-118.241716, 34.031656)
"506",506,1955,9,840,"United States of America",23052,"Los Angeles-Long Beach-Santa Ana",NA,5.154301,c(-118.241716, 34.031656)
"507",507,1960,7,840,"United States of America",23052,"Los Angeles-Long Beach-Santa Ana",NA,6.529638,c(-118.241716, 34.031656)
"508",508,1965,6,840,"United States of America",23052,"Los Angeles-Long Beach-Santa Ana",NA,7.407634,c(-118.241716, 34.031656)
"509",509,1970,6,840,"United States of America",23052,"Los Angeles-Long Beach-Santa Ana",NA,8.377685,c(-118.241716, 34.031656)
"510",510,1975,7,840,"United States of America",23052,"Los Angeles-Long Beach-Santa Ana",NA,8.925518,c(-118.241716, 34.031656)
"511",511,1980,7,840,"United States of America",23052,"Los Angeles-Long Beach-Santa Ana",NA,9.511568,c(-118.241716, 34.031656)
"512",512,1985,8,840,"United States of America",23052,"Los Angeles-Long Beach-Santa Ana",NA,10.181172,c(-118.241716, 34.031656)
"513",513,1990,9,840,"United States of America",23052,"Los Angeles-Long Beach-Santa Ana",NA,10.883429,c(-118.241716, 34.031656)
"514",514,1995,11,840,"United States of America",23052,"Los Angeles-Long Beach-Santa Ana",NA,11.33889,c(-118.241716, 34.031656)
"515",515,2000,12,840,"United States of America",23052,"Los Angeles-Long Beach-Santa Ana",NA,11.798345,c(-118.241716, 34.031656)
"516",516,2005,14,840,"United States of America",23052,"Los Angeles-Long Beach-Santa Ana",NA,11.977857,c(-118.241716, 34.031656)
"517",517,2010,17,840,"United States of America",23052,"Los Angeles-Long Beach-Santa Ana",NA,12.160151,c(-118.241716, 34.031656)
"518",518,2015,20,840,"United States of America",23052,"Los Angeles-Long Beach-Santa Ana",NA,12.345219,c(-118.241716, 34.031656)
"519",519,2020,25,840,"United States of America",23052,"Los Angeles-Long Beach-Santa Ana",NA,12.446597,c(-118.241716, 34.031656)
"520",520,2025,27,840,"United States of America",23052,"Los Angeles-Long Beach-Santa Ana",NA,12.677559,c(-118.241716, 34.031656)
"521",521,2030,26,840,"United States of America",23052,"Los Angeles-Long Beach-Santa Ana",NA,13.209244,c(-118.241716, 34.031656)
"522",522,2035,26,840,"United States of America",23052,"Los Angeles-Long Beach-Santa Ana",NA,13.778153,c(-118.241716, 34.031656)
"523",523,1950,1,840,"United States of America",23083,"New York-Newark",NA,12.338471,c(-74.003663, 40.717042)
"524",524,1955,2,840,"United States of America",23083,"New York-Newark",NA,13.219362,c(-74.003663, 40.717042)
"525",525,1960,2,840,"United States of America",23083,"New York-Newark",NA,14.163521,c(-74.003663, 40.717042)
"526",526,1965,2,840,"United States of America",23083,"New York-Newark",NA,15.176758,c(-74.003663, 40.717042)
"527",527,1970,2,840,"United States of America",23083,"New York-Newark",NA,16.19118,c(-74.003663, 40.717042)
"528",528,1975,3,840,"United States of America",23083,"New York-Newark",NA,15.880271,c(-74.003663, 40.717042)
"529",529,1980,3,840,"United States of America",23083,"New York-Newark",NA,15.601401,c(-74.003663, 40.717042)
"530",530,1985,3,840,"United States of America",23083,"New York-Newark",NA,15.826788,c(-74.003663, 40.717042)
"531",531,1990,3,840,"United States of America",23083,"New York-Newark",NA,16.085599,c(-74.003663, 40.717042)
"532",532,1995,4,840,"United States of America",23083,"New York-Newark",NA,16.94277,c(-74.003663, 40.717042)
"533",533,2000,4,840,"United States of America",23083,"New York-Newark",NA,17.813371,c(-74.003663, 40.717042)
"534",534,2005,6,840,"United States of America",23083,"New York-Newark",NA,18.087174,c(-74.003663, 40.717042)
"535",535,2010,7,840,"United States of America",23083,"New York-Newark",NA,18.365262,c(-74.003663, 40.717042)
"536",536,2015,9,840,"United States of America",23083,"New York-Newark",NA,18.647626,c(-74.003663, 40.717042)
"537",537,2020,11,840,"United States of America",23083,"New York-Newark",NA,18.803552,c(-74.003663, 40.717042)
"538",538,2025,10,840,"United States of America",23083,"New York-Newark",NA,19.154024,c(-74.003663, 40.717042)
"539",539,2030,13,840,"United States of America",23083,"New York-Newark",NA,19.957605,c(-74.003663, 40.717042)
"540",540,2035,13,840,"United States of America",23083,"New York-Newark",NA,20.81717,c(-74.003663, 40.717042)
